,ID,전력 생산량,위도,경도
1,C-3,180W,35.222688,126.844912
2,C-6,110W,35.224836,126.844111
3,C-2,80W,35.222372,126.841462
4,C-5,0W,35.223694,126.840704
5,C-9,10W,35.223234,126.843
